complaint_id,reported_at,complaint_text,location,ward,latitude,longitude,category,severity,status,domain,rain_context
CMP-BNR-001,2026-06-14 07:40:00,Waterlogging after overnight heavy rain; water is accumulating across the carriageway near the market entrance.,Baner Road near Baner Market,Baner,18.5592,73.7868,Waterlogging,High,Open,Rainfall,After rain
CMP-BNR-002,2026-06-14 08:05:00,Drain overflow has pushed stagnant rainwater onto the roadside and pedestrians are forced into traffic.,Baner Road near Baner Market,Baner,18.5594,73.7866,Drainage Overflow,High,Open,Drainage,After rain
CMP-BNR-003,2026-06-14 08:22:00,Vehicles are moving slowly because standing water covers one lane after the morning rainfall.,Baner Road near Baner Market,Baner,18.5591,73.7870,Traffic Disruption,High,Open,Traffic,After rain
CMP-BNR-004,2026-06-14 09:10:00,Water has entered the frontage of two shops following intense rainfall and the drain appears unable to clear it.,Baner Road near Baner Market,Baner,18.5595,73.7869,Shop Flooding,High,Open,Drainage,After rain
CMP-BNR-005,2026-06-15 18:20:00,A blocked roadside inlet is holding water even though the rain has stopped.,Baner Road near Baner Market,Baner,18.5593,73.7867,Blocked Inlet,Medium,Open,Drainage,After rain
CMP-BNR-006,2026-07-03 08:15:00,"Before the forecast rain, the same low section of Baner Road is already collecting water around the drain opening.",Baner Road low section,Baner,18.5590,73.7869,Waterlogging Risk,Medium,Open,Drainage,Before rain
CMP-BNR-007,2026-07-03 09:00:00,Heavy rain has started and runoff from the side lane is flowing toward the same low point on Baner Road.,Baner Road low section,Baner,18.5591,73.7871,Surface Runoff,High,Open,Drainage,During rain
CMP-BNR-008,2026-07-03 09:45:00,Standing water is again covering the left lane and traffic is being diverted around the flooded section.,Baner Road low section,Baner,18.5590,73.7870,Traffic Disruption,High,Open,Traffic,During rain
CMP-BNR-009,2026-07-04 07:30:00,Water remained on the road after rain overnight; local residents report that this happens repeatedly.,Baner Road low section,Baner,18.5591,73.7868,Recurring Waterlogging,High,Open,Waterlogging,After rain
CMP-BNR-010,2026-07-04 08:10:00,Drain near the low point is overflowing again and muddy water is spreading toward the footpath.,Baner Road low section,Baner,18.5592,73.7869,Drainage Overflow,High,Open,Drainage,After rain
CMP-BNR-011,2026-07-04 08:35:00,Pedestrian movement is unsafe because the footpath is submerged and people are walking beside moving vehicles.,Baner Road low section,Baner,18.5592,73.7871,Pedestrian Disruption,Medium,Open,Public Safety,After rain
CMP-BNR-012,2026-07-04 10:05:00,Water is backing up from the roadside drain and reaching the entrance of nearby commercial properties.,Baner Road low section,Baner,18.5593,73.7870,Commercial Flooding,High,Open,Drainage,After rain
CMP-BNR-013,2026-08-11 06:50:00,Forecast rain is expected this morning; residents are concerned about the known low point that flooded last month.,Baner Road low section,Baner,18.5590,73.7868,Pre-Rain Risk,Medium,Open,Waterlogging,Before rain
CMP-BNR-014,2026-08-11 08:25:00,Intense rainfall has caused water to pool at the same road depression and vehicles are slowing sharply.,Baner Road low section,Baner,18.5591,73.7869,Waterlogging,High,Open,Traffic,During rain
CMP-BNR-015,2026-08-11 09:05:00,"The roadside drain is receiving runoff but water is not clearing quickly, causing repeated ponding.",Baner Road low section,Baner,18.5592,73.7868,Drainage Capacity,High,Open,Drainage,During rain
CMP-BNR-016,2026-08-11 10:40:00,Standing water has spread across the carriageway and traffic congestion is building near the junction.,Baner Road junction,Baner,18.5588,73.7873,Traffic Disruption,High,Open,Traffic,During rain
CMP-BNR-017,2026-08-12 07:15:00,The road is still wet and partially waterlogged the morning after rain; residents say the issue has returned multiple times this monsoon.,Baner Road junction,Baner,18.5589,73.7872,Recurring Waterlogging,High,Open,Waterlogging,After rain
CMP-BNR-018,2026-08-12 08:30:00,A drain inlet close to the junction appears blocked with debris and water is collecting around it.,Baner Road junction,Baner,18.5589,73.7871,Blocked Inlet,Medium,Open,Drainage,After rain
CMP-BNR-019,2026-08-12 09:20:00,Bus and two-wheelers are taking turns through standing water because the affected lane remains partially blocked.,Baner Road junction,Baner,18.5587,73.7874,Traffic Disruption,High,Open,Traffic,After rain
CMP-BNR-020,2026-08-12 11:00:00,Water has reached the edge of a nearby commercial entrance and pedestrians are reporting repeated flooding at this location.,Baner Road junction,Baner,18.5588,73.7872,Commercial Flooding,High,Open,Public Safety,After rain
